{
  "model_name": "sasrec",
  "epochs": [
    {
      "epoch": 1,
      "train_loss": 0.394475,
      "val_loss": 0.353092,
      "Recall@10": 0.2754,
      "NDCG@10": 0.1469,
      "Recall@20": 0.3759,
      "NDCG@20": 0.1722
    }
  ],
  "best_epoch": 1,
  "best_val_ndcg": 0.1469,
  "test_results": {
    "Recall@10": 0.2381,
    "NDCG@10": 0.1268,
    "Recall@20": 0.3334,
    "NDCG@20": 0.1508
  }
}